Date,ActualCheckins,Predicted-MA,Predicted-Reg
1/1/10 0:00,650,0,812.5151151
1/2/10 0:00,1028,0,641.8112136
1/3/10 0:00,944,0,1131.799437
1/4/10 0:00,1086,0,981.2612136
1/5/10 0:00,1071,0,850.6134562
1/6/10 0:00,1498,0,1025.782802
1/7/10 0:00,977,0,1079.030033
1/8/10 0:00,899,0,1448.109028
1/9/10 0:00,801,0,924.1405107
1/10/10 0:00,1020,0,1384.140412
1/11/10 0:00,1018,0,1030.908652
1/12/10 0:00,958,0,921.1329227
1/13/10 0:00,800,0,921.1220977
1/14/10 0:00,1151,0,1015.347514
1/15/10 0:00,1825,0,1638.160146
1/16/10 0:00,814,0,728.1073628
1/17/10 0:00,1029,0,1272.681115
1/18/10 0:00,1457,0,1862.393691
1/19/10 0:00,1080,0,838.2119264
1/20/10 0:00,634,0,907.990528
1/21/10 0:00,853,0,951.9534264
1/22/10 0:00,1338,1125,1378.414937
1/23/10 0:00,1181,881,849.226773
1/24/10 0:00,1495,998,1510.641591
1/25/10 0:00,583,1187,1076.550932
1/26/10 0:00,740,1036,922.1700166
1/27/10 0:00,1000,977,848.4939715
1/28/10 0:00,1341,994,1077.896352
1/29/10 0:00,1381,1354,1466.499111
1/30/10 0:00,714,932,882.3867475
1/31/10 0:00,1392,1181,1417.385201
2/1/10 0:00,1345,1019,1173.881459
2/2/10 0:00,912,926,924.4953569
2/3/10 0:00,976,811,971.6130208
2/4/10 0:00,1178,1115,1049.253112
2/5/10 0:00,1594,1515,1518.536341
2/6/10 0:00,729,903,882.5756912
2/7/10 0:00,719,1305,739.7939194
2/8/10 0:00,1831,1128,1198.631657
2/9/10 0:00,2233,911,954.2720488
2/10/10 0:00,636,870,1016.201033
2/11/10 0:00,1148,1124,1121.122126
2/12/10 0:00,1654,1438,1444.823485
2/13/10 0:00,1321,875,775.2157211
2/14/10 0:00,1255,1202,1082.131686
2/15/10 0:00,3232,1253,2630.725027
2/16/10 0:00,520,1295,986.4713211
2/17/10 0:00,610,871,996.8232763
2/18/10 0:00,1420,1222,1145.408273
2/19/10 0:00,1471,1543,1688.802292
2/20/10 0:00,877,921,1090.993025
2/21/10 0:00,1165,1122,1474.795659
2/22/10 0:00,1143,2136,1225.902569
2/23/10 0:00,701,1222,1045.135885
2/24/10 0:00,1228,741,1060.643063
2/25/10 0:00,1322,1249,1153.958885
2/26/10 0:00,1617,1573,1470.872179
2/27/10 0:00,883,976,879.4396844
2/28/10 0:00,1454,1046,1476.775839
3/1/10 0:00,898,2069,1103.255149
3/2/10 0:00,1274,1151,865.0558215
3/3/10 0:00,997,825,949.115126
3/4/10 0:00,980,1297,1109.621824
3/5/10 0:00,1107,1581,1445.565637
3/6/10 0:00,705,1027,913.9505025
3/7/10 0:00,1110,1291,1375.910344
3/8/10 0:00,774,1758,1126.086882
3/9/10 0:00,1008,832,998.4346797
3/10/10 0:00,1227,945,937.4731513
3/11/10 0:00,949,1241,1021.632152
3/12/10 0:00,1340,1398,1435.189744
3/13/10 0:00,984,822,907.7243877
3/14/10 0:00,1204,1243,1424.887422
3/15/10 0:00,1371,938,1344.83305
3/16/10 0:00,728,994,937.3728343
3/17/10 0:00,1195,1151,949.6917824
3/18/10 0:00,761,1084,1000.723545
3/19/10 0:00,864,1355,1349.126137
3/20/10 0:00,939,857,853.6492483
3/21/10 0:00,1281,1256,1364.467813
3/22/10 0:00,935,1014,1067.694159
3/23/10 0:00,825,1003,861.2680202
3/24/10 0:00,1537,1140,968.097016
3/25/10 0:00,1425,897,1096.935114
3/26/10 0:00,1337,1104,1457.179786
3/27/10 0:00,795,876,860.3606672
3/28/10 0:00,1468,1198,1459.18654
3/29/10 0:00,1354,1027,1200.956801
3/30/10 0:00,930,854,1055.450389
3/31/10 0:00,958,1320,1069.319335
4/1/10 0:00,1291,1045,1280.555691
4/2/10 0:00,1054,1180,1331.145596
4/3/10 0:00,603,906,756.5224654
4/4/10 0:00,953,1318,1045.758082
4/5/10 0:00,1622,1220,1167.309062
4/6/10 0:00,772,828,896.648379
4/7/10 0:00,821,1230,951.7396759
4/8/10 0:00,1391,1159,1062.907117
4/9/10 0:00,1700,1085,1444.059255
4/10/10 0:00,723,779,818.793313
4/11/10 0:00,1585,1234,1423.371836
4/12/10 0:00,1051,1304,1095.430559
4/13/10 0:00,1269,842,877.4824689
4/14/10 0:00,760,1105,930.5324456
4/15/10 0:00,1156,1369,1208.938135
4/16/10 0:00,1552,1364,1447.738629
4/17/10 0:00,816,707,866.0659147
4/18/10 0:00,1192,1335,1398.405351
4/19/10 0:00,971,1342,994.6427699
4/20/10 0:00,633,990,789.0101865
4/21/10 0:00,989,846,855.5747494
4/22/10 0:00,1007,1279,992.2196691
4/23/10 0:00,1825,1435,1466.346191
4/24/10 0:00,885,714,925.5602945
4/25/10 0:00,1619,1243,1439.110802
4/26/10 0:00,755,1215,1096.613295
4/27/10 0:00,924,891,824.3572973
4/28/10 0:00,1335,857,918.8121607
4/29/10 0:00,969,1185,1056.724103
4/30/10 0:00,1021,1692,1351.401864
5/1/10 0:00,1018,808,900.4559829
5/2/10 0:00,1386,1465,1408.090462
5/3/10 0:00,899,926,1068.120942
5/4/10 0:00,685,942,887.8838948
5/5/10 0:00,1189,1028,915.1537337
5/6/10 0:00,1045,1044,1053.530517
5/7/10 0:00,1464,1466,1473.314181
5/8/10 0:00,786,906,896.679828
5/9/10 0:00,1107,1399,1263.682328
5/10/10 0:00,1147,875,1061.805717
5/11/10 0:00,1110,747,857.9806346
5/12/10 0:00,827,1171,909.7784642
5/13/10 0:00,1141,1007,1027.096677
5/14/10 0:00,1171,1437,1396.772458
5/15/10 0:00,756,896,1009.514404
5/16/10 0:00,1369,1371,1383.926064
5/17/10 0:00,748,934,1092.672147
5/18/10 0:00,771,906,876.3765743
5/19/10 0:00,1307,1117,890.5155188
5/20/10 0:00,1448,1052,999.5880465
5/21/10 0:00,1117,1219,1273.633525
5/22/10 0:00,986,853,706.2762982
5/23/10 0:00,1329,1287,1293.503343
5/24/10 0:00,987,931,1079.659787
5/25/10 0:00,1058,855,845.1426137
5/26/10 0:00,983,1108,845.294985
5/27/10 0:00,1112,1211,1050.579417
5/28/10 0:00,1402,1251,1469.284328
5/29/10 0:00,827,843,726.4997393
5/30/10 0:00,934,1268,1326.938754
5/31/10 0:00,902,961,1207.073116
6/1/10 0:00,1156,980,918.7683275
6/2/10 0:00,674,1039,882.8845607
6/3/10 0:00,1246,1234,983.4453801
6/4/10 0:00,1359,1230,1310.641137
6/5/10 0:00,761,856,758.1380178
6/6/10 0:00,1534,1211,1207.018941
6/7/10 0:00,714,879,858.7665258
6/8/10 0:00,1142,995,715.5199573
6/9/10 0:00,974,988,842.3679893
6/10/10 0:00,776,1269,903.8067527
6/11/10 0:00,1701,1293,1354.02717
6/12/10 0:00,827,858,835.0156737
6/13/10 0:00,1000,1266,1277.992098
6/14/10 0:00,977,868,1032.377341
6/15/10 0:00,907,1119,928.0266859
6/16/10 0:00,901,877,822.8801865
6/17/10 0:00,1384,1045,964.5191111
6/18/10 0:00,1316,1487,1393.560779
6/19/10 0:00,655,805,812.1516662
6/20/10 0:00,1286,1156,1258.991643
6/21/10 0:00,1346,864,1135.782079
6/22/10 0:00,919,1068,953.8451852
6/23/10 0:00,1104,850,1013.7339
6/24/10 0:00,1132,1135,1025.083525
6/25/10 0:00,920,1459,1312.739814
6/26/10 0:00,688,748,781.3229661
6/27/10 0:00,1313,1273,1315.407582
6/28/10 0:00,1040,1012,1137.284672
6/29/10 0:00,860,989,875.9951431
6/30/10 0:00,912,993,886.7857395
7/1/10 0:00,1147,1097,1059.624283
7/2/10 0:00,1339,1312,1369.89401
7/3/10 0:00,807,723,643.2170784
7/4/10 0:00,770,1200,939.9426881
7/5/10 0:00,1340,1121,996.1421863
7/6/10 0:00,777,895,932.9605409
7/7/10 0:00,957,972,1015.718807
7/8/10 0:00,1305,1221,1168.475795
7/9/10 0:00,1207,1192,1422.436148
7/10/10 0:00,710,717,868.7750671
7/11/10 0:00,1108,1123,1351.045911
7/12/10 0:00,1214,1242,1076.525891
7/13/10 0:00,445,852,846.8767578
7/14/10 0:00,689,991,804.8000879
7/15/10 0:00,794,1195,967.744893
7/16/10 0:00,3067,1155,1246.853763
7/17/10 0:00,482,735,677.5669752
7/18/10 0:00,1919,1064,1190.91023
7/19/10 0:00,1369,1198,1007.366301
7/20/10 0:00,520,694,816.5248099
7/21/10 0:00,562,853,856.9886
7/22/10 0:00,1095,1082,1019.829102
7/23/10 0:00,1574,1871,1427.935311
7/24/10 0:00,658,666,833.8049521
7/25/10 0:00,1103,1266,1330.106288
7/26/10 0:00,629,1308,931.1644129
7/27/10 0:00,1407,581,872.9032623
7/28/10 0:00,568,736,896.287139
7/29/10 0:00,975,1065,1018.431728
7/30/10 0:00,1251,1949,1340.666669
7/31/10 0:00,535,617,754.7665986
8/1/10 0:00,1513,1377,1488.668714
8/2/10 0:00,1140,1071,1071.043538
8/3/10 0:00,981,791,943.6122425
8/4/10 0:00,943,606,957.6222117
8/5/10 0:00,1279,955,1085.725746
8/6/10 0:00,1202,1964,1407.349407
8/7/10 0:00,642,558,881.1700615
8/8/10 0:00,1265,1512,1390.253254
8/9/10 0:00,1265,1046,998.9430569
8/10/10 0:00,556,969,790.2787384
8/11/10 0:00,599,691,886.093677
8/12/10 0:00,1064,1116,995.3726399
8/13/10 0:00,1862,1342,1463.153015
8/14/10 0:00,742,612,898.4876105
8/15/10 0:00,1570,1294,1564.89528
8/16/10 0:00,1187,1011,1151.567942
8/17/10 0:00,1197,981,1017.264163
8/18/10 0:00,889,703,1075.18879
8/19/10 0:00,1051,1106,1059.406759
8/20/10 0:00,1465,1438,1456.390667
8/21/10 0:00,684,640,902.6568451
8/22/10 0:00,1239,1449,1412.52542
8/23/10 0:00,1040,1197,1082.882736
8/24/10 0:00,965,911,899.3174096
8/25/10 0:00,1407,810,931.4456489
8/26/10 0:00,1024,1131,997.7555576
8/27/10 0:00,1048,1510,1371.285844
8/28/10 0:00,620,689,801.4413823
8/29/10 0:00,1234,1358,1249.561175
8/30/10 0:00,758,1164,870.3666782
8/31/10 0:00,888,906,762.1703926
9/1/10 0:00,802,965,940.2760659
9/2/10 0:00,996,1046,1057.535076
9/3/10 0:00,1553,1458,1509.9995
9/4/10 0:00,730,682,757.9760289
9/5/10 0:00,970,1348,1296.49781
9/6/10 0:00,821,995,994.8994812
9/7/10 0:00,1587,1017,1117.236586
9/8/10 0:00,605,1033,1108.968705
9/9/10 0:00,1003,1024,1178.238446
9/10/10 0:00,1962,1355,1482.658974
9/11/10 0:00,522,678,872.8085831
9/12/10 0:00,993,1148,1381.745015
9/13/10 0:00,1504,873,1085.880431
9/14/10 0:00,867,1147,888.2493868
9/15/10 0:00,1227,938,1154.709785
9/16/10 0:00,1040,1008,1123.296759
9/17/10 0:00,1066,1521,1451.58768
9/18/10 0:00,754,624,867.5065564
9/19/10 0:00,1208,1066,1360.624301
9/20/10 0:00,811,1028,977.776438
9/21/10 0:00,865,1114,857.6504789
9/22/10 0:00,860,878,906.6453605
9/23/10 0:00,1233,1013,997.5496359
9/24/10 0:00,1327,1527,1307.731888
9/25/10 0:00,939,669,744.2617872
9/26/10 0:00,1577,1057,1417.971719
9/27/10 0:00,1235,1045,1084.868954
9/28/10 0:00,1002,1106,821.9399446
9/29/10 0:00,1195,897,823.2295075
9/30/10 0:00,999,1092,939.2362684
10/1/10 0:00,1040,1452,1439.73479
10/2/10 0:00,910,738,878.6659994
10/3/10 0:00,1313,1259,1444.86493
10/4/10 0:00,1000,1183,1196.577108
10/5/10 0:00,850,911,996.6809531
10/6/10 0:00,929,1094,1017.784298
10/7/10 0:00,1166,1091,1102.101004
10/8/10 0:00,1406,1144,1446.780597
10/9/10 0:00,889,868,680.3376762
10/10/10 0:00,1489,1366,1177.840133
10/11/10 0:00,1103,1015,974.9104964
10/12/10 0:00,720,906,919.3898783
10/13/10 0:00,1158,995,948.4082295
10/14/10 0:00,1094,1133,1090.420339
10/15/10 0:00,1178,1258,1628.88353
10/16/10 0:00,813,913,887.9805137
10/17/10 0:00,1354,1460,1411.22262
10/18/10 0:00,839,1113,1050.19302
10/19/10 0:00,783,857,863.7056725
10/20/10 0:00,1582,1094,875.1488903
10/21/10 0:00,1093,1086,1031.864466
10/22/10 0:00,1307,1208,1351.00925
10/23/10 0:00,1152,871,882.3007327
10/24/10 0:00,1718,1385,1462.934069
10/25/10 0:00,911,981,1125.133369
10/26/10 0:00,779,784,887.4822004
10/27/10 0:00,845,1223,971.1083798
10/28/10 0:00,1168,1118,1096.556015
10/29/10 0:00,1388,1297,1514.673197
10/30/10 0:00,796,951,957.0677314
10/31/10 0:00,926,1520,1066.147553
11/1/10 0:00,1220,951,1092.088151
11/2/10 0:00,945,761,821.2613279
11/3/10 0:00,1266,1195,823.4417938
11/4/10 0:00,1018,1118,942.2511071
11/5/10 0:00,1375,1291,1324.93267
11/6/10 0:00,938,920,799.3408198
11/7/10 0:00,1344,1333,1301.235163
11/8/10 0:00,1392,990,993.4427383
11/9/10 0:00,863,836,788.6454471
11/10/10 0:00,675,1231,826.7307162
11/11/10 0:00,1360,1093,1219.695691
11/12/10 0:00,1350,1357,1485.51257
11/13/10 0:00,802,962,914.5135066
11/14/10 0:00,1376,1329,1456.437529
11/15/10 0:00,1040,1174,1266.699703
11/16/10 0:00,726,862,953.4929248
11/17/10 0:00,1114,929,1012.884246
11/18/10 0:00,1128,1182,1106.291454
11/19/10 0:00,1430,1371,1513.743279
11/20/10 0:00,915,845,974.3345037
11/21/10 0:00,1377,1215,1475.564087
11/22/10 0:00,1105,1217,1136.017424
11/23/10 0:00,637,845,886.7876033
11/24/10 0:00,1148,1018,1070.25342
11/25/10 0:00,1264,1169,1240.536866
11/26/10 0:00,1183,1385,1370.694569
11/27/10 0:00,644,885,817.8732658
11/28/10 0:00,732,1366,1063.034369
11/29/10 0:00,767,1179,874.8457183
11/30/10 0:00,1099,742,781.7051895
12/1/10 0:00,979,979,984.7679154
12/2/10 0:00,1438,1251,1148.839855
12/3/10 0:00,1419,1321,1464.001932
12/4/10 0:00,894,787,810.8505611
12/5/10 0:00,1797,1162,1359.719325
12/6/10 0:00,997,971,1007.962256
12/7/10 0:00,371,821,789.2177236
12/8/10 0:00,540,1080,744.1316483
12/9/10 0:00,1073,1277,848.07113
12/10/10 0:00,1547,1344,1456.262233
12/11/10 0:00,860,818,919.8082293
12/12/10 0:00,943,1302,1297.542634
12/13/10 0:00,598,956,809.453858
12/14/10 0:00,771,702,706.4624605
12/15/10 0:00,1017,889,935.7148365
12/16/10 0:00,1075,1258,946.3542677
12/17/10 0:00,1567,1383,1395.851155
12/18/10 0:00,847,799,879.8738146
12/19/10 0:00,1066,1157,1287.472653
12/20/10 0:00,838,787,944.9423665
12/21/10 0:00,723,747,777.6550349
12/22/10 0:00,791,845,807.1895246
12/23/10 0:00,1156,1195,994.1559167
12/24/10 0:00,1207,1511,1374.901089
12/25/10 0:00,638,867,392.0885428
12/26/10 0:00,1082,1269,1205.817138
12/27/10 0:00,856,811,895.6636889
12/28/10 0:00,816,622,851.423362
12/29/10 0:00,1032,783,962.2967254
12/30/10 0:00,1601,1101,1125.952813
12/31/10 0:00,775,1440,1482.447954
1/1/11 0:00,364,782,240.191958
1/2/11 0:00,1338,1030,1262.621012
1/3/11 0:00,739,764,861.4282315
1/4/11 0:00,1115,770,892.0181734
1/5/11 0:00,1317,947,979.2989433
1/6/11 0:00,881,1277,1086.550521
1/7/11 0:00,737,1183,1427.440328
1/8/11 0:00,843,616,928.8972586
1/9/11 0:00,1205,1162,1411.339324
1/10/11 0:00,1410,811,1139.520253
1/11/11 0:00,576,885,952.9965581
1/12/11 0:00,507,1047,943.7802006
1/13/11 0:00,1204,1213,1071.370895
1/14/11 0:00,1963,906,1594.49786
1/15/11 0:00,809,615,999.4976424
1/16/11 0:00,1136,1208,1271.323498
1/17/11 0:00,1902,1002,1867.915725
1/18/11 0:00,430,836,822.5647941
1/19/11 0:00,396,952,954.2450912
1/20/11 0:00,1181,1229,958.1023382
1/21/11 0:00,1524,1158,1480.732627
1/22/11 0:00,782,672,923.8136897
1/23/11 0:00,1262,1226,1446.286527
1/24/11 0:00,800,1350,1105.651571
1/25/11 0:00,556,707,941.0463048
1/26/11 0:00,1264,740,1042.915264
1/27/11 0:00,1306,1089,1132.552755
1/28/11 0:00,1492,1408,1461.870981
1/29/11 0:00,944,811,846.2897029
1/30/11 0:00,1373,1201,1408.248419
1/31/11 0:00,1063,1371,1135.984796
2/1/11 0:00,1081,521,1121.748867
2/2/11 0:00,907,722,1028.665657
2/3/11 0:00,1322,1230,1298.861965
2/4/11 0:00,1339,1660,1724.69347
2/5/11 0:00,741,845,1220.433391
2/6/11 0:00,811,1257,1006.89262
2/7/11 0:00,1123,1255,1274.246248
2/8/11 0:00,3123,689,1134.228043
2/9/11 0:00,562,856,1139.525573
2/10/11 0:00,1496,1270,1082.904662
2/11/11 0:00,1323,1452,1447.48054
2/12/11 0:00,940,822,916.1230256
2/13/11 0:00,1595,1149,1505.525022
2/14/11 0:00,1039,995,788.294681
2/15/11 0:00,708,1587,1085.766567
2/16/11 0:00,1032,911,935.0963327
2/17/11 0:00,1118,1375,1065.392429
2/18/11 0:00,1349,1385,1513.089114
2/19/11 0:00,650,875,774.6037458
2/20/11 0:00,1257,1260,1358.207047
2/21/11 0:00,2224,1075,2342.910583
2/22/11 0:00,675,1637,890.3736901
2/23/11 0:00,495,834,906.5073644
2/24/11 0:00,943,1312,1042.873066
2/25/11 0:00,1789,1337,1429.13641
2/26/11 0:00,920,777,920.7232942
2/27/11 0:00,1446,1221,1468.419141
2/28/11 0:00,1067,1462,1123.881422
3/1/11 0:00,727,1502,948.8712906
3/2/11 0:00,1058,696,955.8604594
3/3/11 0:00,1346,1186,1064.211611
3/4/11 0:00,1441,1487,1443.65684
3/5/11 0:00,823,837,887.845324
3/6/11 0:00,1168,1433,1432.762137
3/7/11 0:00,1021,1443,1135.057052
3/8/11 0:00,1150,703,848.4616974
3/9/11 0:00,1163,862,982.2754473
3/10/11 0:00,1300,1136,1103.847469
3/11/11 0:00,1551,1526,1474.738547
3/12/11 0:00,855,798,954.3119467
3/13/11 0:00,1309,1290,1442.297485
3/14/11 0:00,978,1437,1109.547508
3/15/11 0:00,879,851,1117.596032
3/16/11 0:00,1453,905,1035.122381
3/17/11 0:00,1127,1196,1096.313425
3/18/11 0:00,1165,1594,1480.895271
3/19/11 0:00,758,866,945.9894152
3/20/11 0:00,1126,1308,1430.220153
3/21/11 0:00,1349,1022,970.1955028
3/22/11 0:00,1715,919,779.5004291
3/23/11 0:00,650,1225,827.8126517
3/24/11 0:00,907,1258,951.6656571
3/25/11 0:00,1496,1386,1384.569109
3/26/11 0:00,1038,812,870.2104127
3/27/11 0:00,1543,1201,1371.074418
3/28/11 0:00,1251,1116,1003.56677
3/29/11 0:00,457,1248,827.2925177
3/30/11 0:00,520,1089,914.740735
3/31/11 0:00,1005,1111,1026.53196
4/1/11 0:00,1907,1404,1649.595103
4/2/11 0:00,802,884,955.5890585
4/3/11 0:00,1426,1326,1469.248189
4/4/11 0:00,1004,1193,1152.616471
4/5/11 0:00,680,1017,932.1889427
4/6/11 0:00,647,874,958.9581387
4/7/11 0:00,1647,1013,1122.980427
4/8/11 0:00,1417,1523,1536.172925
4/9/11 0:00,1124,866,863.8274388
4/10/11 0:00,1767,1365,1341.488916
4/11/11 0:00,888,1201,1058.952731
4/12/11 0:00,625,951,834.9461969
4/13/11 0:00,1448,606,965.5320881
4/14/11 0:00,1309,1186,1111.49166
4/15/11 0:00,1292,1607,1628.758081
4/16/11 0:00,764,988,903.6427013
4/17/11 0:00,1314,1579,1494.763293
4/18/11 0:00,973,1048,1204.137695
4/19/11 0:00,873,587,1011.824108
4/20/11 0:00,1148,872,1090.625641
4/21/11 0:00,1331,1320,1174.737199
4/22/11 0:00,1147,1539,1386.867631
4/23/11 0:00,513,897,832.8785074
4/24/11 0:00,1269,1502,1270.507686
4/25/11 0:00,1331,955,1235.336263
4/26/11 0:00,1080,726,1056.396736
4/27/11 0:00,1059,1081,1028.296792
4/28/11 0:00,1285,1429,1131.105287
4/29/11 0:00,1064,1285,1392.797864
4/30/11 0:00,542,800,819.8338904
5/1/11 0:00,1578,1450,1445.404603
5/2/11 0:00,1139,1064,1098.536394
5/3/11 0:00,600,859,866.6061927
5/4/11 0:00,991,1218,869.9261717
5/5/11 0:00,1405,1308,1051.86797
5/6/11 0:00,1160,1168,1441.151586
5/7/11 0:00,723,606,823.9705311
5/8/11 0:00,1623,1387,1400.149953
5/9/11 0:00,1310,1148,1109.973238
5/10/11 0:00,451,851,916.8611197
5/11/11 0:00,895,1066,943.4814577
5/12/11 0:00,1276,1340,1079.956818
5/13/11 0:00,1297,1124,1500.852434
5/14/11 0:00,678,593,908.8068236
5/15/11 0:00,1385,1490,1654.092354
5/16/11 0:00,1272,1260,1187.683927
5/17/11 0:00,1334,710,938.9373259
5/18/11 0:00,1029,982,956.7677942
5/19/11 0:00,1074,1322,1092.468445
5/20/11 0:00,1407,1174,1477.675071
5/21/11 0:00,1521,648,831.5791157
5/22/11 0:00,1598,1529,1315.300294
5/23/11 0:00,437,1240,1029.453412
5/24/11 0:00,361,795,853.3951567
5/25/11 0:00,864,972,908.4595218
5/26/11 0:00,1355,1252,1025.881348
5/27/11 0:00,1444,1288,1463.440532
5/28/11 0:00,745,974,731.6335967
5/29/11 0:00,907,1535,1307.830172
5/30/11 0:00,1389,1006,1416.68029
5/31/11 0:00,953,715,1037.89648
6/1/11 0:00,1059,929,1044.822209
6/2/11 0:00,1424,1235,1055.306725
6/3/11 0:00,1189,1383,1390.687039
6/4/11 0:00,725,981,789.0960634
6/5/11 0:00,1554,1297,1307.654861
6/6/11 0:00,773,1033,1000.914218
6/7/11 0:00,908,883,808.2497227
6/8/11 0:00,1032,984,832.507412
6/9/11 0:00,980,1284,985.9792825
6/10/11 0:00,880,1347,1330.039059
6/11/11 0:00,816,997,747.5988732
6/12/11 0:00,1459,1353,1272.9137
6/13/11 0:00,871,866,948.8077257
6/14/11 0:00,620,741,792.6045997
6/15/11 0:00,1011,985,1011.930411
6/16/11 0:00,1380,1253,1077.372304
6/17/11 0:00,1399,1171,1417.536302
6/18/11 0:00,690,762,836.014095
6/19/11 0:00,1354,1307,1375.876715
6/20/11 0:00,1357,1011,1115.307245
6/21/11 0:00,794,827,898.0695636
6/22/11 0:00,677,1034,944.2210161
6/23/11 0:00,1264,1261,986.7268627
6/24/11 0:00,1010,1156,1321.04263
6/25/11 0:00,573,744,733.5104017
6/26/11 0:00,1600,1456,1374.526878
6/27/11 0:00,1003,1000,1120.367156
6/28/11 0:00,748,774,905.8786656
6/29/11 0:00,1161,907,1030.521459
6/30/11 0:00,1237,1208,1143.89855
7/1/11 0:00,1431,1096,1518.284706
7/2/11 0:00,950,693,685.1864552
7/3/11 0:00,1012,1471,1271.739053
7/4/11 0:00,1091,1077,767.3205395
7/5/11 0:00,1212,721,1022.305241
7/6/11 0:00,954,950,1067.494117
7/7/11 0:00,1360,1294,1156.830226
7/8/11 0:00,1195,1280,1474.728815
7/9/11 0:00,855,738,803.8473553
7/10/11 0:00,1071,1322,1248.920031
7/11/11 0:00,894,1150,995.6805756
7/12/11 0:00,751,918,749.1123366
7/13/11 0:00,239,931,750.8449269
7/14/11 0:00,604,1287,852.2487522
7/15/11 0:00,2310,1212,1637.148241
7/16/11 0:00,791,793,902.051389
7/17/11 0:00,1492,1228,1507.426224
7/18/11 0:00,1226,996,1187.349299
7/19/11 0:00,1132,904,943.0039826
7/20/11 0:00,1150,785,894.3723864
7/21/11 0:00,943,1067,963.2353277
7/22/11 0:00,1047,1645,1363.081651
7/23/11 0:00,570,865,791.6063931
7/24/11 0:00,1610,1192,1415.488682
7/25/11 0:00,905,1070,1126.861029
7/26/11 0:00,900,1032,854.7447991
7/27/11 0:00,683,781,893.048534
7/28/11 0:00,1104,969,1002.164806
7/29/11 0:00,1573,1517,1350.919316
7/30/11 0:00,886,739,867.58132
7/31/11 0:00,1231,1391,1386.952458
8/1/11 0:00,957,1008,1116.960029
8/2/11 0:00,1352,928,789.4102587
8/3/11 0:00,538,691,873.62897
8/4/11 0:00,890,884,1029.353475
8/5/11 0:00,1337,1643,1420.945986
8/6/11 0:00,766,749,779.7224361
8/7/11 0:00,1373,1444,1378.832501
8/8/11 0:00,1040,1029,1143.91232
8/9/11 0:00,946,1128,952.1500573
8/10/11 0:00,1242,790,1041.74057
8/11/11 0:00,1344,979,1198.396491
8/12/11 0:00,1470,1319,1508.366681
8/13/11 0:00,642,741,929.1222795
8/14/11 0:00,1291,1405,1447.593301
8/15/11 0:00,1989,967,1183.22671
8/16/11 0:00,491,1066,822.6539583
8/17/11 0:00,628,821,903.7349665
8/18/11 0:00,1375,1113,1022.20888
8/19/11 0:00,1776,1460,1346.142794
8/20/11 0:00,885,765,754.8960938
8/21/11 0:00,832,1298,1278.837249
8/22/11 0:00,811,1329,1029.673638
8/23/11 0:00,1499,930,1002.987779
8/24/11 0:00,1011,803,1092.784024
8/25/11 0:00,1349,1203,1200.896702
8/26/11 0:00,1488,1528,1496.859818
8/27/11 0:00,834,764,908.8858707
8/28/11 0:00,1770,1165,1407.148366
8/29/11 0:00,1167,1280,1123.631785
8/30/11 0:00,525,979,913.9026195
8/31/11 0:00,931,960,1062.235008
9/1/11 0:00,1111,1356,1241.386814
9/2/11 0:00,1424,1578,1494.922923
9/3/11 0:00,888,787,735.7070412
9/4/11 0:00,929,1298,1313.260415
9/5/11 0:00,1315,1322,1141.175076
9/6/11 0:00,1383,838,1014.697312
9/7/11 0:00,1167,857,1069.757205
9/8/11 0:00,1074,1278,1145.486965
9/9/11 0:00,1285,1563,1465.056851
9/10/11 0:00,929,869,858.5631548
9/11/11 0:00,1396,1177,1416.658903
9/12/11 0:00,1178,1098,1093.206647
9/13/11 0:00,1071,1136,948.3629382
9/14/11 0:00,1498,1036,1007.522724
9/15/11 0:00,1576,1178,1193.320785
9/16/11 0:00,1063,1399,1327.443521
9/17/11 0:00,581,884,798.1831277
9/18/11 0:00,1533,1365,1408.108129
9/19/11 0:00,942,1220,1115.588972
9/20/11 0:00,627,993,929.190848
9/21/11 0:00,768,1199,1010.500308
9/22/11 0:00,1101,1254,1060.8661
9/23/11 0:00,1291,1257,1381.107948
9/24/11 0:00,929,799,890.230699
9/25/11 0:00,2126,1286,1385.46711
9/26/11 0:00,1047,1145,1063.087324
9/27/11 0:00,841,1027,883.7206309
9/28/11 0:00,2381,1144,947.8313532
9/29/11 0:00,789,1250,1033.911165
9/30/11 0:00,816,1213,1327.540209
10/1/11 0:00,1483,813,1013.180372
10/2/11 0:00,1885,1685,1372.430031
10/3/11 0:00,1061,1056,1072.42941
10/4/11 0:00,484,846,913.832798
10/5/11 0:00,1666,1549,1077.431094
10/6/11 0:00,1585,1155,1227.108704
10/7/11 0:00,1346,1057,1530.164182
10/8/11 0:00,882,998,728.6174601
10/9/11 0:00,1341,1848,1257.943454
10/10/11 0:00,1058,1017,1045.363729
10/11/11 0:00,758,651,954.7642895
10/12/11 0:00,1104,1605,1089.847344
10/13/11 0:00,1175,1158,1236.481665
10/14/11 0:00,1246,1151,1553.922322
10/15/11 0:00,729,1098,1045.052217
10/16/11 0:00,1577,1784,1392.44671
10/17/11 0:00,650,1055,1091.082058
10/18/11 0:00,906,694,913.6136191
10/19/11 0:00,1806,1717,1073.641035
10/20/11 0:00,1079,1183,1126.728835
10/21/11 0:00,1983,1136,1389.402842
10/22/11 0:00,1186,1031,772.2811111
10/23/11 0:00,1026,1601,1406.315471
10/24/11 0:00,729,923,1161.446855
10/25/11 0:00,851,716,974.3818951
10/26/11 0:00,1324,1525,987.1613592
10/27/11 0:00,1288,1280,1117.090863
10/28/11 0:00,1195,1525,1428.251133
10/29/11 0:00,561,932,847.384388
10/30/11 0:00,1530,1315,1555.805019
10/31/11 0:00,916,812,901.6309463
11/1/11 0:00,1290,838,960.6522842
11/2/11 0:00,1426,1411,870.2011418
11/3/11 0:00,994,1181,966.9370075
11/4/11 0:00,1501,1475,1391.749483
11/5/11 0:00,979,825,887.0414719
11/6/11 0:00,1264,1378,1398.877889
11/7/11 0:00,1261,765,1087.418143
11/8/11 0:00,752,1016,885.38606
11/9/11 0:00,763,1519,942.192794
11/10/11 0:00,1518,1120,1091.922539
11/11/11 0:00,1080,1560,1462.137632
11/12/11 0:00,543,909,678.2844437
11/13/11 0:00,916,1273,1079.102025
11/14/11 0:00,1930,969,1029.822955
11/15/11 0:00,311,964,977.8880426
11/16/11 0:00,317,1171,867.6507135
11/17/11 0:00,747,1267,924.3992489
11/18/11 0:00,2239,1259,1445.561126
11/19/11 0:00,1164,694,889.038181
11/20/11 0:00,1639,1237,1503.482047
11/21/11 0:00,1168,1369,1228.708841
11/22/11 0:00,655,784,968.1949351
11/23/11 0:00,1297,835,1133.373784
11/24/11 0:00,1219,1086,1299.801835
11/25/11 0:00,1456,1607,1398.670928
11/26/11 0:00,798,895,793.8268033
11/27/11 0:00,1044,1273,1251.440965
11/28/11 0:00,1548,1453,1213.251771
11/29/11 0:00,754,573,1040.147134
11/30/11 0:00,841,792,1081.361795
12/1/11 0:00,1490,1161,1211.528817
12/2/11 0:00,1796,1592,1528.156402
12/3/11 0:00,904,835,920.1994295
12/4/11 0:00,1700,1200,1333.208793
12/5/11 0:00,923,1549,1029.786494
12/6/11 0:00,623,573,784.560674
12/7/11 0:00,663,818,835.577057
12/8/11 0:00,1261,1152,1014.300163
12/9/11 0:00,1286,1830,1427.723939
12/10/11 0:00,708,955,838.1065616
12/11/11 0:00,1308,1461,1376.773284
12/12/11 0:00,865,1213,1083.532062
12/13/11 0:00,759,677,885.3049191
12/14/11 0:00,1072,934,904.6738817
12/15/11 0:00,1142,1323,1226.548
12/16/11 0:00,2044,1513,1568.828397
12/17/11 0:00,1146,803,1018.045715
12/18/11 0:00,1471,1351,1544.528259
12/19/11 0:00,1157,1112,1114.030408
12/20/11 0:00,744,712,918.4940257
12/21/11 0:00,863,859,940.9291395
12/22/11 0:00,806,1298,987.4239245
12/23/11 0:00,1409,1709,1395.480777
12/24/11 0:00,849,919,753.1930609
12/25/11 0:00,956,1493,1142.938456
12/26/11 0:00,1531,982,1203.95045
12/27/11 0:00,1271,709,1149.151216
12/28/11 0:00,1130,866,1219.377364
12/29/11 0:00,1542,1070,1253.008122
12/30/11 0:00,1633,1580,1672.60562
12/31/11 0:00,414,901,889.4889155
1/1/12 0:00,1077,1245,1038.292927
1/2/12 0:00,1677,1184,1226.060379
1/3/12 0:00,1102,925,1191.967992
1/4/12 0:00,948,1022,1190.341793
1/5/12 0:00,1099,1163,1253.902648
1/6/12 0:00,1520,1695,1732.663594
1/7/12 0:00,1265,803,1201.087186
1/8/12 0:00,1392,1168,1580.362712
1/9/12 0:00,1278,1455,1178.630309
1/10/12 0:00,1049,1039,1015.221197
1/11/12 0:00,950,980,1100.739044
1/12/12 0:00,1667,1149,1206.482816
1/13/12 0:00,1652,1521,1586.192083
1/14/12 0:00,1368,843,949.026452
1/15/12 0:00,1797,1142,1749.092366
1/16/12 0:00,1491,1495,2251.05569
1/17/12 0:00,1011,1141,1147.349095
1/18/12 0:00,1598,1009,1161.004736
1/19/12 0:00,1039,1436,1260.600523
1/20/12 0:00,1811,1602,1689.46674
1/21/12 0:00,1038,1016,1116.463482
1/22/12 0:00,1424,1422,1529.176837
1/23/12 0:00,1666,1482,1276.539747
1/24/12 0:00,876,1054,1184.725325
1/25/12 0:00,836,1165,1244.198577
1/26/12 0:00,1669,1268,1425.115528
1/27/12 0:00,1710,1661,1872.801937
1/28/12 0:00,1062,1224,1250.196839
1/29/12 0:00,1755,1538,1721.177852
1/30/12 0:00,898,1478,1270.763206
1/31/12 0:00,1064,979,1062.158878
2/1/12 0:00,1027,1128,1157.619473
2/2/12 0:00,1669,1458,1399.380451
2/3/12 0:00,2001,1724,1672.546576
2/4/12 0:00,820,1156,1114.087772
2/5/12 0:00,600,1659,932.7898366
2/6/12 0:00,1441,1352,1294.25527
2/7/12 0:00,1638,984,1199.768776
2/8/12 0:00,1027,1154,1301.285126
2/9/12 0:00,1456,1459,1365.246774
2/10/12 0:00,1574,1841,1694.388248
2/11/12 0:00,1020,973,1103.200749
2/12/12 0:00,1863,1260,1774.46039
2/13/12 0:00,1233,1335,1429.943595
2/14/12 0:00,772,1193,764.0857206
2/15/12 0:00,1149,963,1332.636508
2/16/12 0:00,1250,1598,1261.146517
2/17/12 0:00,1449,1762,1661.881975
2/18/12 0:00,1104,967,946.7737386
2/19/12 0:00,1433,1406,1404.309473
2/20/12 0:00,2942,1191,2423.732838
2/21/12 0:00,687,1158,989.3243794
2/22/12 0:00,1504,1068,1173.602993
2/23/12 0:00,1339,1458,1329.795664
2/24/12 0:00,1610,1675,1692.305237
2/25/12 0:00,2371,981,1029.05105
2/26/12 0:00,1564,1299,1485.565424
2/27/12 0:00,746,1872,1198.647209
2/28/12 0:00,437,1032,1025.306326
2/29/12 0:00,1322,1227,1016.645097
3/1/12 0:00,1637,1348,1290.23465
3/2/12 0:00,1151,1544,1589.723606
3/3/12 0:00,588,1498,1003.776658
3/4/12 0:00,1335,1620,1510.960362
3/5/12 0:00,1299,1640,1297.844444
3/6/12 0:00,1026,632,1075.410003
3/7/12 0:00,1018,1325,1124.89071
3/8/12 0:00,1024,1409,1181.564814
3/9/12 0:00,1605,1403,1618.164247
3/10/12 0:00,1268,1354,1144.416725
3/11/12 0:00,1513,1444,1668.209258
3/12/12 0:00,1482,1662,1383.49554
3/13/12 0:00,1276,717,1208.669048
3/14/12 0:00,1449,1281,1204.792411
3/15/12 0:00,1322,1333,1507.924738
3/16/12 0:00,1289,1455,1679.854596
3/17/12 0:00,931,1409,1014.176561
3/18/12 0:00,1406,1471,1530.616583
3/19/12 0:00,766,1176,1130.679199
3/20/12 0:00,1026,913,882.989777
3/21/12 0:00,1812,1263,1027.625421
3/22/12 0:00,1434,1328,1162.626058
3/23/12 0:00,1563,1348,1613.387502
3/24/12 0:00,1082,929,1062.140452
3/25/12 0:00,1665,1418,1617.348629
3/26/12 0:00,1223,1182,1306.162505
3/27/12 0:00,862,1109,1099.916061
3/28/12 0:00,958,1426,1179.316536
3/29/12 0:00,1596,1260,1309.083425
3/30/12 0:00,1617,1486,1777.539274
3/31/12 0:00,848,1094,1170.697659
4/1/12 0:00,1853,1528,1846.870948
4/2/12 0:00,1749,1157,1402.233714
4/3/12 0:00,981,1055,1183.878353
4/4/12 0:00,1074,1406,1198.624794
4/5/12 0:00,1590,1451,1343.20949
4/6/12 0:00,1716,1490,1789.207085
4/7/12 0:00,871,954,1041.721847
4/8/12 0:00,1238,1641,1373.030759
4/9/12 0:00,1218,1246,1164.520594
4/10/12 0:00,1615,956,1104.511083
4/11/12 0:00,564,1281,1186.703869
4/12/12 0:00,1506,1540,1368.705445
4/13/12 0:00,1780,1632,1798.485622
4/14/12 0:00,1027,934,1184.346359
4/15/12 0:00,1749,1585,1556.337543
4/16/12 0:00,1161,1397,1231.819772
4/17/12 0:00,843,1153,1118.733715
4/18/12 0:00,1668,865,1264.941142
4/19/12 0:00,1878,1564,1436.744591
4/20/12 0:00,1867,1704,1774.35992
4/21/12 0:00,1034,915,1252.579908
4/22/12 0:00,1499,1613,1569.71201
4/23/12 0:00,1404,1376,1124.708894
4/24/12 0:00,626,1146,987.4415309
4/25/12 0:00,735,1102,1084.373243
4/26/12 0:00,1201,1658,1261.607436
4/27/12 0:00,2548,1788,1767.531945
4/28/12 0:00,1494,977,1007.466411
4/29/12 0:00,1417,1495,1558.76462
4/30/12 0:00,910,1261,1291.395577
5/1/12 0:00,1036,1028,1109.497719
5/2/12 0:00,1704,989,1064.682485
5/3/12 0:00,1442,1528,1224.436802
5/4/12 0:00,1213,2065,1447.374199
5/5/12 0:00,1052,1185,918.0563769
5/6/12 0:00,2024,1555,1405.026491
5/7/12 0:00,562,1158,1160.699122
5/8/12 0:00,624,835,1032.170317
5/9/12 0:00,1748,1369,1201.915124
5/10/12 0:00,1750,1507,1421.163256
5/11/12 0:00,1444,1876,1752.872063
5/12/12 0:00,1088,1193,1161.787084
5/13/12 0:00,1639,1647,1580.516569
5/14/12 0:00,1523,959,1323.77688
5/15/12 0:00,1102,762,1153.020182
5/16/12 0:00,1232,1396,1219.034445
5/17/12 0:00,1395,1464,1352.330307
5/18/12 0:00,1480,1735,1699.991319
5/19/12 0:00,1276,1211,973.4022935
5/20/12 0:00,1399,1693,1486.642379
5/21/12 0:00,869,998,1219.110303
5/22/12 0:00,920,921,1132.44961
5/23/12 0:00,1502,1561,1192.87224
5/24/12 0:00,1568,1529,1290.262913
5/25/12 0:00,1887,1379,1677.989464
5/26/12 0:00,970,1139,963.0688381
5/27/12 0:00,1272,1687,1507.443369
5/28/12 0:00,1734,985,1497.125722
5/29/12 0:00,1184,882,1099.289387
5/30/12 0:00,918,1494,1129.159689
5/31/12 0:00,1355,1571,1261.03097
6/1/12 0:00,1716,1604,1617.969277
6/2/12 0:00,722,1111,1012.069489
6/3/12 0:00,1518,1437,1548.18622
6/4/12 0:00,1260,1375,1188.353712
6/5/12 0:00,1792,1069,1011.707016
6/6/12 0:00,795,1217,1077.726035
6/7/12 0:00,1884,1439,1278.22329
6/8/12 0:00,2049,1694,1718.237504
6/9/12 0:00,582,989,1104.548148
6/10/12 0:00,1701,1396,1648.132257
6/11/12 0:00,1540,1288,1354.883961
6/12/12 0:00,1491,1299,1047.955512
6/13/12 0:00,868,1072,1072.950293
6/14/12 0:00,1165,1602,1222.389612
6/15/12 0:00,1765,1884,1671.402606
6/16/12 0:00,835,758,1101.2793
6/17/12 0:00,1413,1497,1570.470757
6/18/12 0:00,1447,1511,1433.618209
6/19/12 0:00,1302,1489,1243.359223
6/20/12 0:00,1323,860,1212.628576
6/21/12 0:00,1551,1468,1183.187945
6/22/12 0:00,1508,1843,1611.946655
6/23/12 0:00,821,713,1037.225396
6/24/12 0:00,1993,1544,1559.998971
6/25/12 0:00,1317,1416,1303.107336
6/26/12 0:00,1243,1528,1125.985421
6/27/12 0:00,923,995,1141.488641
6/28/12 0:00,1397,1533,1245.787362
6/29/12 0:00,1463,1774,1624.640362
6/30/12 0:00,828,746,1044.949266
7/1/12 0:00,1934,1702,1712.80469
7/2/12 0:00,1186,1435,1364.099603
7/3/12 0:00,1337,1345,1167.524239
7/4/12 0:00,1258,1038,967.3664777
7/5/12 0:00,1815,1371,1295.078224
7/6/12 0:00,1246,1579,1564.344628
7/7/12 0:00,736,828,942.5178332
7/8/12 0:00,1458,1780,1468.768734
7/9/12 0:00,1168,1317,1183.243282
7/10/12 0:00,605,1294,1036.854659
7/11/12 0:00,762,1168,1092.968107
7/12/12 0:00,1223,1588,1292.476222
7/13/12 0:00,1560,1406,1651.917896
7/14/12 0:00,1186,795,1018.980981
7/15/12 0:00,1372,1795,1514.187439
7/16/12 0:00,1083,1224,1234.59368
7/17/12 0:00,730,1062,1040.481673
7/18/12 0:00,997,981,1152.229381
7/19/12 0:00,1640,1478,1275.216918
7/20/12 0:00,2034,1423,1661.74913
7/21/12 0:00,632,917,1102.658121
7/22/12 0:00,1340,1588,1605.829672
7/23/12 0:00,965,1146,1174.133348
7/24/12 0:00,1706,891,938.4971572
7/25/12 0:00,554,1006,1013.989184
7/26/12 0:00,1012,1559,1191.803226
7/27/12 0:00,1674,1613,1594.105412
7/28/12 0:00,692,851,983.9184418
7/29/12 0:00,1683,1390,1589.313195
7/30/12 0:00,2401,1072,1180.505189
7/31/12 0:00,779,1014,989.7968436
8/1/12 0:00,958,771,1188.164352
8/2/12 0:00,1360,1292,1261.355764
8/3/12 0:00,1710,1756,1762.184166
8/4/12 0:00,955,837,1216.040972
8/5/12 0:00,1489,1465,1737.382334
8/6/12 0:00,1291,1483,1422.325625
8/7/12 0:00,1366,1072,1226.934551
8/8/12 0:00,1537,836,1188.301804
8/9/12 0:00,1423,1337,1289.703432
8/10/12 0:00,1553,1806,1611.898717
8/11/12 0:00,1255,760,922.420246
8/12/12 0:00,1372,1504,1512.680578
8/13/12 0:00,1525,1552,1235.86029
8/14/12 0:00,845,1284,1122.848329
8/15/12 0:00,1095,1016,1118.266228
8/16/12 0:00,1708,1265,1174.132046
8/17/12 0:00,1929,1646,1534.471413
8/18/12 0:00,815,967,875.1264948
8/19/12 0:00,1109,1515,1603.269819
8/20/12 0:00,1130,1739,1267.096557
8/21/12 0:00,1385,997,1202.406974
8/22/12 0:00,1351,1197,1216.466173
8/23/12 0:00,1714,1497,1408.812372
8/24/12 0:00,1585,1731,1749.434172
8/25/12 0:00,1005,1008,1152.398521
8/26/12 0:00,2085,1323,1584.126022
8/27/12 0:00,1222,1315,1243.545334
8/28/12 0:00,860,1199,1020.845333
8/29/12 0:00,950,1328,1014.497098
8/30/12 0:00,1337,1615,1225.343364
8/31/12 0:00,1755,1689,1707.742518
9/1/12 0:00,864,1025,1050.577767
9/2/12 0:00,1164,1522,1531.503945
9/3/12 0:00,1206,1292,1205.925443
9/4/12 0:00,1643,1030,1154.90254
9/5/12 0:00,1152,1132,1178.172643
9/6/12 0:00,1329,1586,1295.611145
9/7/12 0:00,1707,1756,1652.905438
9/8/12 0:00,1058,895,1010.954576
9/9/12 0:00,1360,1453,1516.819329
9/10/12 0:00,1164,1186,1226.773519
9/11/12 0:00,992,1296,1116.008048
9/12/12 0:00,1478,1151,1187.251815
9/13/12 0:00,1336,1460,1223.566392
9/14/12 0:00,1482,1682,1644.56588
9/15/12 0:00,621,976,1081.424815
9/16/12 0:00,1408,1536,1564.234058
9/17/12 0:00,1405,1197,1290.720607
9/18/12 0:00,1143,1165,1139.606913
9/19/12 0:00,897,1193,1213.654068
9/20/12 0:00,1001,1334,1287.315115
9/21/12 0:00,1538,1648,1569.688005
9/22/12 0:00,1347,848,886.633949
9/23/12 0:00,1432,1311,1377.129183
9/24/12 0:00,821,1258,1203.428492
9/25/12 0:00,563,1259,1045.41526
9/26/12 0:00,1419,1176,1171.905374
9/27/12 0:00,1692,1222,1366.872024
9/28/12 0:00,1592,1576,1741.009603
9/29/12 0:00,1138,1009,997.9121937
9/30/12 0:00,1393,1400,1513.09151
10/1/12 0:00,931,1130,1323.876464
10/2/12 0:00,827,899,1125.162525
10/3/12 0:00,1363,1265,1225.973021
10/4/12 0:00,1219,1343,1372.150705
10/5/12 0:00,1877,1537,1773.423332
10/6/12 0:00,1087,1035,994.4169786
10/7/12 0:00,1592,1411,1388.963519
10/8/12 0:00,1053,1052,1193.725774
10/9/12 0:00,1138,844,1116.240609
10/10/12 0:00,1156,1226,1226.169556
10/11/12 0:00,1216,1304,1342.172153
10/12/12 0:00,1646,1669,1743.413987
10/13/12 0:00,1028,1191,1194.341888
10/14/12 0:00,1573,1472,1622.189091
10/15/12 0:00,1138,935,1305.489422
10/16/12 0:00,1032,843,1097.089805
10/17/12 0:00,1316,1313,1143.803754
10/18/12 0:00,2170,1376,1251.007573
10/19/12 0:00,1763,1705,1568.021738
10/20/12 0:00,1092,1084,1034.8923
10/21/12 0:00,1564,1519,1663.098983
10/22/12 0:00,1042,1041,1383.517404
10/23/12 0:00,1505,999,1115.331384
10/24/12 0:00,1173,1278,1141.570309
10/25/12 0:00,1039,1535,1266.76549
10/26/12 0:00,1833,1762,1674.461018
10/27/12 0:00,889,1069,1125.13138
10/28/12 0:00,1728,1576,1566.126102
10/29/12 0:00,991,1078,1263.46689
10/30/12 0:00,766,1225,1104.644491
10/31/12 0:00,850,1215,724.2215011
11/1/12 0:00,1450,1475,1242.485488
11/2/12 0:00,1571,1747,1666.857378
11/3/12 0:00,897,1003,1141.774743
11/4/12 0:00,1401,1622,1573.875719
11/5/12 0:00,1002,1057,1152.208563
11/6/12 0:00,1119,1101,1014.873655
11/7/12 0:00,1340,1113,1065.58679
11/8/12 0:00,1009,1553,1209.025066
11/9/12 0:00,1486,1722,1408.549257
11/10/12 0:00,1218,959,907.6904658
11/11/12 0:00,1813,1564,1571.166677
11/12/12 0:00,1335,1012,1232.555032
11/13/12 0:00,840,1130,1083.238205
11/14/12 0:00,1137,1121,1091.6014
11/15/12 0:00,1522,1166,1157.599864
11/16/12 0:00,1390,1630,1602.957639
11/17/12 0:00,776,1001,999.533002
11/18/12 0:00,1448,1647,1532.803698
11/19/12 0:00,817,1109,1142.240517
11/20/12 0:00,993,908,947.9372415
11/21/12 0:00,1311,1109,1110.153326
11/22/12 0:00,1418,1327,1360.661299
11/23/12 0:00,1538,1482,1567.910241
11/24/12 0:00,857,964,882.7500236
11/25/12 0:00,1170,1554,1261.945605
11/26/12 0:00,1607,1051,1278.262129
11/27/12 0:00,661,984,1119.321552
11/28/12 0:00,675,1263,1200.10158
11/29/12 0:00,1490,1316,1311.518819
11/30/12 0:00,1732,1471,1750.003151
12/1/12 0:00,1040,950,1151.055845
12/2/12 0:00,1425,1477,1617.862
12/3/12 0:00,1107,1253,1222.639992
12/4/12 0:00,1086,831,1031.298206
12/5/12 0:00,877,1041,979.5387678
12/6/12 0:00,1599,1477,1237.199843
12/7/12 0:00,1740,1553,1656.070766
12/8/12 0:00,1024,891,1059.576598
12/9/12 0:00,1080,1348,1339.455795
12/10/12 0:00,956,1177,901.9467311
12/11/12 0:00,945,913,798.6775771
12/12/12 0:00,1150,954,972.7927911
12/13/12 0:00,1154,1502,1166.882419
12/14/12 0:00,1879,1670,1690.352866
12/15/12 0:00,895,974,1146.843859
12/16/12 0:00,847,1225,1390.865541
12/17/12 0:00,741,1223,892.4431109
12/18/12 0:00,723,897,653.7913394
12/19/12 0:00,633,901,650.7358854
12/20/12 0:00,828,1414,819.4440618
12/21/12 0:00,1794,1784,1458.495175
12/22/12 0:00,1261,986,846.4680391
12/23/12 0:00,1608,1117,1521.305447
12/24/12 0:00,1146,935,1261.493937
12/25/12 0:00,770,918,828.973001
12/26/12 0:00,1802,887,1207.037248
12/27/12 0:00,917,1194,1320.207514
12/28/12 0:00,1432,1804,1603.782429
12/29/12 0:00,1503,1060,905.4573178
12/30/12 0:00,1680,1178,1478.598357
12/31/12 0:00,373,948,1205.360565
1/1/13 0:00,1148,813,1044.816149
1/2/13 0:00,1666,1195,1043.612883
1/3/13 0:00,1386,966,1165.894913
1/4/13 0:00,1664,1702,1541.92818
1/5/13 0:00,1052,1220,950.079079
1/6/13 0:00,1014,1378,1272.87489
1/7/13 0:00,1084,753,1075.43161
1/8/13 0:00,468,880,737.7961574
1/9/13 0:00,135,1367,720.4434215
1/10/13 0:00,903,1044,891.5369965
1/11/13 0:00,1460,1630,1330.965727
1/12/13 0:00,1264,1272,759.6793503
1/13/13 0:00,1726,1434,1318.222979
1/14/13 0:00,987,868,1013.645508
1/15/13 0:00,1407,795,1004.706151
1/16/13 0:00,1044,1201,1013.911359
1/17/13 0:00,551,1069,1100.70764
1/18/13 0:00,1824,1519,1427.546239
1/19/13 0:00,1039,1273,773.5983801
1/20/13 0:00,1268,1473,1159.901799
1/21/13 0:00,2983,815,1851.634895
1/22/13 0:00,779,1008,801.1546239
1/23/13 0:00,872,948,829.3837606
1/24/13 0:00,1101,947,941.8384582
1/25/13 0:00,1638,1649,1461.232536
1/26/13 0:00,796,1118,874.8065189
1/27/13 0:00,1740,1336,1418.80804
1/28/13 0:00,997,1685,958.8866694
1/29/13 0:00,2008,885,840.882046
1/30/13 0:00,628,684,885.7976279
1/31/13 0:00,505,852,840.5454473
2/1/13 0:00,2069,1641,1628.362775
2/2/13 0:00,1031,1033,972.8337677
2/3/13 0:00,1199,1578,649.5236237
2/4/13 0:00,1081,1656,1076.526851
2/5/13 0:00,607,1398,911.2589823
2/6/13 0:00,493,848,975.5757418
2/7/13 0:00,297,719,1144.930293
2/8/13 0:00,1343,1844,1554.551017
2/9/13 0:00,1020,955,1037.631696
2/10/13 0:00,835,1402,1420.466602
2/11/13 0:00,3298,1687,1151.300456
2/12/13 0:00,228,1131,945.5378927
2/13/13 0:00,253,664,987.5630694
2/14/13 0:00,242,634,673.4879126
2/15/13 0:00,2482,1683,1814.775982
2/16/13 0:00,1008,949,937.8760692
2/17/13 0:00,1456,1258,1318.815808
2/18/13 0:00,1469,1792,2469.631553
2/19/13 0:00,796,948,1002.516249
2/20/13 0:00,1053,458,1074.44852
2/21/13 0:00,467,348,1128.100922
2/22/13 0:00,1515,1965,1568.638085
2/23/13 0:00,1000,1020,999.4574936
2/24/13 0:00,1781,1163,1412.555414
2/25/13 0:00,1239,1949,1034.341261
2/26/13 0:00,564,544,830.3907459
2/27/13 0:00,674,600,853.5092158
2/28/13 0:00,592,335,914.7112142
3/1/13 0:00,1695,1780,1491.996645
3/2/13 0:00,1311,1009,899.4836589
3/3/13 0:00,1571,1357,1376.046748
3/4/13 0:00,1160,2002,1093.346286
3/5/13 0:00,1167,529,875.6783515
3/6/13 0:00,955,660,1026.042256
3/7/13 0:00,322,434,1081.629133
3/8/13 0:00,1476,1897,1354.293037
3/9/13 0:00,1238,1106,774.7257398
3/10/13 0:00,1750,1603,1342.161557
3/11/13 0:00,965,1289,1016.270006
3/12/13 0:00,1020,842,876.493066
3/13/13 0:00,1419,894,1003.184977
3/14/13 0:00,665,460,1128.315393
3/15/13 0:00,2028,1562,1694.754636
3/16/13 0:00,1041,1183,917.8712617
3/17/13 0:00,1698,1701,1322.527272
3/18/13 0:00,1200,1121,1110.157325
3/19/13 0:00,666,917,912.8222276
3/20/13 0:00,804,1016,1044.197715
3/21/13 0:00,184,526,1142.042837
3/22/13 0:00,1078,1733,1435.266157
3/23/13 0:00,954,1197,968.4150571
3/24/13 0:00,2036,1673,1564.149065
3/25/13 0:00,1403,1108,1166.021215
3/26/13 0:00,1512,951,970.2033265
3/27/13 0:00,983,1059,1001.518859
3/28/13 0:00,510,390,1146.560646
3/29/13 0:00,2046,1527,1431.191454
3/30/13 0:00,950,1078,827.436452
3/31/13 0:00,1345,1828,1115.703472
4/1/13 0:00,1225,1189,1267.318987
4/2/13 0:00,1018,1066,1075.776986
4/3/13 0:00,1103,1069,1136.386241
4/4/13 0:00,434,453,1159.462396
4/5/13 0:00,1384,1717,1492.908986
4/6/13 0:00,1026,982,878.1924518
4/7/13 0:00,2077,1693,1300.43486
4/8/13 0:00,938,1276,1033.756431
4/9/13 0:00,678,1065,894.7815512
4/10/13 0:00,1750,963,1124.865154
4/11/13 0:00,613,376,1267.634409
4/12/13 0:00,1578,1503,1657.888846
4/13/13 0:00,1100,977,1064.434993
4/14/13 0:00,1475,1819,1242.122363
4/15/13 0:00,1220,1189,1050.915386
4/16/13 0:00,511,1069,716.790105
4/17/13 0:00,343,1279,775.5054958
4/18/13 0:00,366,519,845.5416919
4/19/13 0:00,2528,1669,1652.193649
4/20/13 0:00,1081,1025,1110.842963
4/21/13 0:00,2077,1632,1542.657241
4/22/13 0:00,1126,1128,1147.449124
4/23/13 0:00,1044,736,914.280123
4/24/13 0:00,1004,1065,915.3477703
4/25/13 0:00,367,471,1013.24978
4/26/13 0:00,1021,1830,1409.752883
4/27/13 0:00,1078,1069,877.110058
4/28/13 0:00,1740,1876,1564.178827
4/29/13 0:00,1334,1095,1161.140442
4/30/13 0:00,840,744,917.6365671
5/1/13 0:00,609,1032,966.7924843
5/2/13 0:00,431,449,1048.623605
5/3/13 0:00,1787,1709,1455.629765
5/4/13 0:00,1187,1086,787.2374257
5/5/13 0:00,1524,1764,1329.226739
5/6/13 0:00,943,1227,1068.8395
5/7/13 0:00,990,798,876.6706038
5/8/13 0:00,1379,652,983.7904578
5/9/13 0:00,552,388,1077.420104
5/10/13 0:00,1671,1779,1506.483537
5/11/13 0:00,1484,1115,1032.669282
5/12/13 0:00,1215,1780,1339.651149
5/13/13 0:00,1463,1134,1090.795429
5/14/13 0:00,977,958,988.5237501
5/15/13 0:00,1054,997,1261.307613
5/16/13 0:00,494,450,1156.103177
5/17/13 0:00,1563,1493,1517.420849
5/18/13 0:00,1307,1250,777.9417711
5/19/13 0:00,1863,1493,1237.138297
5/20/13 0:00,766,1247,1060.207955
5/21/13 0:00,1013,936,892.010607
5/22/13 0:00,922,1014,771.9778289
5/23/13 0:00,488,492,952.1968135
5/24/13 0:00,1936,1674,1577.035457
5/25/13 0:00,804,1326,846.4269512
5/26/13 0:00,1125,1534,1384.900443
5/27/13 0:00,1480,1057,1384.120872
5/28/13 0:00,851,993,962.1219161
5/29/13 0:00,805,1118,1030.326064
5/30/13 0:00,403,511,1210.186006
5/31/13 0:00,1449,1723,1543.481017
6/1/13 0:00,663,1198,970.6565946
6/2/13 0:00,1763,1401,1377.671253
6/3/13 0:00,723,1236,1045.719301
6/4/13 0:00,368,947,876.2910799
6/5/13 0:00,377,927,858.3082828
6/6/13 0:00,98,462,1026.343496
6/7/13 0:00,1987,1649,1521.597734
6/8/13 0:00,1048,925,886.7861203
6/9/13 0:00,1338,1584,1362.067692
6/10/13 0:00,1011,990,1046.275189
6/11/13 0:00,1041,744,891.0978983
6/12/13 0:00,670,701,987.2387254
6/13/13 0:00,545,330,1158.750386
6/14/13 0:00,1698,1791,1560.865058
6/15/13 0:00,809,838,1122.972261
6/16/13 0:00,1570,1409,1417.660884
6/17/13 0:00,1428,1071,1118.625325
6/18/13 0:00,1124,753,919.6204707
6/19/13 0:00,750,617,893.5922299
6/20/13 0:00,405,349,1046.61422
6/21/13 0:00,1843,1711,1390.444293
6/22/13 0:00,818,840,798.4658196
6/23/13 0:00,1748,1557,1466.43077
6/24/13 0:00,1398,1054,1160.543587
6/25/13 0:00,1041,844,923.0615802
6/26/13 0:00,770,599,980.8090004
6/27/13 0:00,437,349,1116.55301
6/28/13 0:00,1496,1843,1519.591067
6/29/13 0:00,1121,892,954.1827561
6/30/13 0:00,1502,1552,1361.89327
7/1/13 0:00,1162,1279,1103.207888
7/2/13 0:00,835,1069,864.0177711
7/3/13 0:00,998,730,1005.649315
7/4/13 0:00,466,462,910.3702947
7/5/13 0:00,1196,1679,1517.989685
7/6/13 0:00,960,916,882.1607556
7/7/13 0:00,1476,1607,1339.996545
7/8/13 0:00,626,1329,814.7480484
7/9/13 0:00,1642,1000,743.3907508
7/10/13 0:00,185,839,737.8118261
7/11/13 0:00,252,436,897.6707765
7/12/13 0:00,1851,1512,1458.682817
7/13/13 0:00,1436,966,1016.630953
7/14/13 0:00,1651,1575,1491.410179
7/15/13 0:00,1305,1062,1208.243802
7/16/13 0:00,1183,1173,750.0008917
7/17/13 0:00,788,651,807.793254
7/18/13 0:00,459,385,973.6523046
7/19/13 0:00,1935,1514,1495.959568
7/20/13 0:00,1213,1172,915.1701288
7/21/13 0:00,1476,1543,1457.835955
7/22/13 0:00,1250,1031,1156.658812
7/23/13 0:00,1019,1220,987.5756152
7/24/13 0:00,919,657,1083.360007
7/25/13 0:00,507,392,1190.827025
7/26/13 0:00,1587,1661,1490.880571
7/27/13 0:00,713,1203,924.8416289
7/28/13 0:00,1388,1534,1461.000162
7/29/13 0:00,708,1060,925.5266861
7/30/13 0:00,1589,1281,760.5510593
7/31/13 0:00,300,631,824.5660803
8/1/13 0:00,393,406,1114.18018
8/2/13 0:00,1917,1791,
8/3/13 0:00,1067,1121,
8/4/13 0:00,1598,1505,
8/5/13 0:00,1343,1088,
8/6/13 0:00,949,1264,
8/7/13 0:00,1040,669,
8/8/13 0:00,519,453,
8/9/13 0:00,1531,1771,
8/10/13 0:00,1427,1016,
8/11/13 0:00,1430,1456,
8/12/13 0:00,1053,1015,
8/13/13 0:00,1124,1291,
8/14/13 0:00,1101,629,
8/15/13 0:00,610,451,
8/16/13 0:00,1845,1716,
8/17/13 0:00,1090,950,
8/18/13 0:00,2035,1450,
8/19/13 0:00,809,937,
8/20/13 0:00,450,1381,
8/21/13 0:00,478,533,
8/22/13 0:00,511,432,
8/23/13 0:00,1955,1759,
8/24/13 0:00,1001,1029,
8/25/13 0:00,1775,1470,
8/26/13 0:00,1068,1013,
8/27/13 0:00,769,1312,
8/28/13 0:00,887,610,
8/29/13 0:00,517,445,